Item,Description
RM00CAP,#00 Size Gel Capsule 70M/cs
RM00CAP,#00 Size Gel Capsule 70M/cs
RM00CAP,#00 Size Gel Capsule 70M/cs
RM00CAPVEG,#00 Size VEG Capsule 70M/cs
RM00CAPVEG-CC,#00 Size Veg Capsule-CapsCanada
RM00CAPVEG-CC,#00 Size Veg Capsule-CapsCanada
RM00CAPVEG-CC,#00 Size Veg Capsule-CapsCanada
RM00CAPVEG-CC,#00 Size Veg Capsule-CapsCanada
RM00CAPVEG-CC,#00 Size Veg Capsule-CapsCanada
RM00CAPVEG-CC,#00 Size Veg Capsule-CapsCanada
RM00CAPVEG-PC,#00 Size VEG Capsule
RM00CAPVEG-PC,#00 Size VEG Capsule
RM00CAPVEG-PC,#00 Size VEG Capsule
RM00-ECAPVEG,#00-E Size VEG Capsule 65M/cs
RM00-ECAPVEG-PC,#00 elongated veggie capsule
RM00VEGWHITE,"#00 Veg White 70,000/case"
RM00VEGWHITE,"#00 Veg White 70,000/case"
RM00VEGWHITE-PC,#00 Veg White PharmaCap
RM0CAP,#0 Size Gel Capsule 100M/cs
RM0CAP,#0 Size Gel Capsule 100M/cs
RM0CAP,#0 Size Gel Capsule 100M/cs
RM0CAPVEG,#0 Size VEG Capsule 100M/cs
RM0CAPVEG,#0 Size VEG Capsule 100M/cs
RM0CAPVEG-CC,#0 size vegetable K-cap
RM0CAPVEG-CC,#0 size vegetable K-cap
RM0CAPVEG-PC,#0 Size VEG Capsule
RM0CAPVEG-PC,#0 Size VEG Capsule
RM0CAPVEG-PC,#0 Size VEG Capsule
RM0CAPVEG-PC,#0 Size VEG Capsule
RM1CAPVEG,#1 Size VEG Capsule 130M/cs
RM1CAPVEG,#1 Size VEG Capsule 130M/cs
RM1CAPVEG,#1 Size VEG Capsule 130M/cs
RM3CAPVEG,"#3 Size Veg Capsule 240,000/cs"
RM3CAPVEG,"#3 Size Veg Capsule 240,000/cs"
RM3CAPVEG,"#3 Size Veg Capsule 240,000/cs"
RM5HTP,5HTP
RM5MTHF,L-5-Methyltetrahydrofolic Acid
RM7KETODHEA,7-Keto-DHEA
RM7KETODHEA,7-Keto-DHEA
RMACETL-CARN,Acetyl-L-Carnitine HCL
RMACETL-CARN,Acetyl-L-Carnitine HCL
RMACETL-CARN,Acetyl-L-Carnitine HCL
RMADRENALCORTE,Adrenal Cortex Bovine
RMADRENALCORTE,Adrenal Cortex Bovine
RMADRENALWHOLE,Adrenal Whole Bovine
RMADRENALWHOLE,Adrenal Whole Bovine
RMALGALDHA,Vegan Omega 3 powder 30% DHA
RMALGALDHA,Vegan Omega 3 powder 30% DHA
RMALGALDHA20%,Deodorized Algal DHA 20%
RMALGALDHA30%,Algal DHA 30%
RMALGALDHA30%,Algal DHA 30%
RMALOE,Aloe Vera Extract 200:1 #TN001
RMAMGINSEN,American Ginseng Root Extract
RMARGININE,L-Arginine Base
RMARGININE,L-Arginine Base
RMARGININE,L-Arginine Base
RMARGININE,L-Arginine Base
RMARGININE,L-Arginine Base
RMARGININE,L-Arginine Base
RMARGININE,L-Arginine Base
RMARTICHOKE,Artichoke Extract 5%
RMARTICHOKE,Artichoke Extract 5%
RMASCORPAL,Ascorbyl Palmitate
RMASHWAGAN,Ashwagandha Extract -2.5% Withanolides
RMASHWAGAN,Ashwagandha Extract -2.5% Withanolides
RMASHWAGAN7%,Ashwagandha Whole plant Ext 7%
RMASHWAGAN7%,Ashwagandha Whole plant Ext 7%
RMASHWAGAN7%,Ashwagandha Whole plant Ext 7%
RMASHWAGAN7%,Ashwagandha Whole plant Ext 7%
RMASTAPURE,AstaPure Astaxanthin Powder
RMASTAPURE,AstaPure Astaxanthin Powder
RMASTAREAL,AstaReal Astaxanthin 4%
RMASTAREAL,AstaReal Astaxanthin 4%
RMASTAXANTHIN,Astaxanthin 3%
RMASTAXANTHIN,Astaxanthin 3%
RMASTAXANTHIN,Astaxanthin 3%
RMASTRAGALU,Astragalus Extract
RMATRACTYL,Atractylodes 5:1
RMBEEPROPO,Bee Propolis 70%
RMBEEPROPO,Bee Propolis 70%
RMBERBERINE,Berberine Sulfate
RMBERBERINE,Berberine Sulfate
RMBERBERINE,Berberine Sulfate
RMBERBERINEHCL,Berberine HCL
RMBERBERINEHCL,Berberine HCL
RMBERBERINEHCL,Berberine HCL
RMBETACAROTENE,"Beta Carotene NLT 333,333iu/g"
RMBETACAROTENE,"Beta Carotene NLT 333,333iu/g"
RMBETAINE,Betaine HCL (w/2% Silica)
RMBETATENE,Betatene 7.5% N
RMBIOTIN,Biotin (Pure) - USP26/EP4
RMBIOTIN,Biotin (Pure) - USP26/EP4
RMBLACKCOH,Black Cohosh Extract 2.5% code
RMBLACKCOH,Black Cohosh Extract 2.5% code
RMBORON,Boron Citrate 5% BOCix54002/FB
RMBOSWELLIA,Boswellia Extract 65% DC
RMBOSWELLIA,Boswellia Extract 65% DC
RMBOSWELLIA,Boswellia Extract 65% DC
RMBROCCOLI1,Broccoli Sprout Powder
RMBROCCOLI1,Broccoli Sprout Powder
RMBROMELAIN,Bromelain 2400 gdu/gm
RMBROMELAIN,Bromelain 2400 gdu/gm
RMBUPLEURUM,Bupleurum Extract
RMBUPLEURUM,Bupleurum Extract
RMCALCARBGR,Calcium Carbonate Granulated
RMCALCARBGR,Calcium Carbonate Granulated
RMCALCASCOR,Calcium Ascorbate 9.3%
RMCALCASCOR,Calcium Ascorbate 9.3%
RMCALCASCOR,Calcium Ascorbate 9.3%
RMCALCCARB,Calcium Carbonate 40%
RMCALCCARB,Calcium Carbonate 40%
RMCALCCIT,Calcium Citrate USP Fine Granular
RMCALCCM,Calcium Citrate Malate 20%
RMCALCCM,Calcium Citrate Malate 20%
RMCALCCM,Calcium Citrate Malate 20%
RMCALCPANTO,Calcium Pantothenate
RMCALCPANTO,Calcium Pantothenate
RMCARNITINE,Carnitine Tartrate
RMCARNITINE,Carnitine Tartrate
RMCARNITINE,Carnitine Tartrate
RMCARNITINE,Carnitine Tartrate
RMCARNITINE,Carnitine Tartrate
RMCARNITINE,Carnitine Tartrate
RMCELLULOSE,Microcrystilline Cellulose Fib
RMCELLULOSE,Microcrystilline Cellulose Fib
RMCELLULOSE,Microcrystilline Cellulose Fib
RMCHAMOMILEPO,Chamomile Powder German
RMCHAMOMILEPO,Chamomile Powder German
RMCHIA,Chia Seed Powder
RMCHIA,Chia Seed Powder
RMCHOLINE,Choline (Bitartrate)
RMCHOLINELBI,Choline L Bitartrate Condition
RMCHOLINELBI,Choline L Bitartrate Condition
RMCHOLINELBI,Choline L Bitartrate Condition
RMCHONDSULF,Chondroitin Sulfate Sodium 90%
RMCHONDSULF,Chondroitin Sulfate Sodium 90%
RMCHROMIUM,Chromium Polynicotinate 10%-12
RMCINNAMON,Cinnamon Bark Powder CAssia (a
RMCITICHOLINE,Citicoline Cognizin tm
RMCITICHOLINE,Citicoline Cognizin tm
RMCITRIC,Citric Acid Anhydrous
RMCITRUSBIO,Citrus Bioflavanoids 60% (Heat
RMCITRUSBIO,Citrus Bioflavanoids 60% (Heat
RMCITRUSBIO92,Citrus Bioflavanoid 92%
RMCITRUSBIO92,Citrus Bioflavanoid 92%
RMCOFFEEBERRY,Coffeeberry Extract 70% caffeine
RMCOFFEEBERRY,Coffeeberry Extract 70% caffeine
RMCOLLAGENBOV,Bovine Collagen Peptides
RMCOLLAGENBOV,Bovine Collagen Peptides
RMCOPAIBA,Copaiba Oleoresin >10% beta-caryophyllene
RMCOPAIBA,Copaiba Oleoresin >10% beta-caryophyllene
RMCOPAIBA,Copaiba Oleoresin >10% beta-caryophyllene
RMCOPPER,Copper Glycinate 29%
RMCOQ10PW,Coenzyme Q10 Powder/
RMCOQ10PW,Coenzyme Q10 Powder/
RMCOQ10PW,Coenzyme Q10 Powder/
RMCOQ10PW,Coenzyme Q10 Powder/
RMCORDYEXT,Cordyceps sinensis Mycellia Ex
RMCORDYEXT,Cordyceps sinensis Mycellia Ex
RMCURCUMINFINEGRANHD,Curcumin Ext. 85-90% Fine Granular Powder HD
RMCURCUMINFINEGRANHD,Curcumin Ext. 85-90% Fine Granular Powder HD
RMD3POWDER,"D3 100,000iu/g"
RMD3POWDER,"D3 100,000iu/g"
RMD3POWDER,"D3 100,000iu/g"
RMD3VEG,"VegD3 90,000 iu/g"
RMD3VEG,"VegD3 90,000 iu/g"
RMDAIDZEIN,Daidzein Synthetic
RMDANDELION,Dandelion Root Extract 4:1
RMDANDELION,Dandelion Root Extract 4:1
RMD-CHIROINOSITOL,D-Chiro Inositol Powder
RMD-CHIROINOSITOL,D-Chiro Inositol Powder
RMD-CHIROINOSITOL,D-Chiro Inositol Powder
RMD-CHIROINOSITOL,D-Chiro Inositol Powder
RMD-CHIROINOSITOL,D-Chiro Inositol Powder
RMD-CHIROINOSITOL,D-Chiro Inositol Powder
RMD-CHIROINOSITOL,D-Chiro Inositol Powder
RMDEXTROSE,Cantab (Dextrose) Powder
RMDEXTROSE,Cantab (Dextrose) Powder
RMDEXTROSE,Cantab (Dextrose) Powder
RMDEXTROSE,Cantab (Dextrose) Powder
RMDEXTROSE,Cantab (Dextrose) Powder
RMDGL,Deglycyrrhized Licorice
RMDGL,Deglycyrrhized Licorice
RMDGL,Deglycyrrhized Licorice
RMDGL,Deglycyrrhized Licorice
RMDGL,Deglycyrrhized Licorice
RMDHEA,DHEA (micronized)
RMDHEA,DHEA (micronized)
RMDHEA,DHEA (micronized)
RMDICALCIUM,DimaCal DiCalcium Malate Tabletable
RMDICALCIUM,DimaCal DiCalcium Malate Tabletable
RMDICALCIUMMA,DimaCal DiCalcium Malate Powder
RMDICALCIUMMA,DimaCal DiCalcium Malate Powder
RMDIM,Diindolylmethane
RMDIMAGMALATE,DiMagnesium Malate granular I
RMDIMAGMALATE,DiMagnesium Malate granular I
RMDIMAGMALPOW,Dimagnesium Malate Powder
RMDIMAGMALPOW,Dimagnesium Malate Powder
RMDIMAGMALPOW,Dimagnesium Malate Powder
RMDIMAGMALPOW,Dimagnesium Malate Powder
RMDONGQUAI,Dong Quai Extract
RMD-PINITOL,D-Pinitol
RME1210,E Powder 1210iu
RME1210,E Powder 1210iu
RMECHINACEA,Echinacea Extract Purpurea
RMECHINACEA,Echinacea Extract Purpurea
RMELDERBERR,Elderberry Extract 36:1
RMELDERBERR,Elderberry Extract 36:1
RMEMIXED,E Mixed Powder
RMEXBERRYPURPLE,Natural Shade Purple 18395022
RMEXBERRYPURPLE,Natural Shade Purple 18395022
RMEXBERRYRED,Natural Shade Red 84335010
RMEXBERRYRED,Natural Shade Red 84335010
RMEXBERRYRED,Natural Shade Red 84335010
RMEXBERRYRED,Natural Shade Red 84335010
RMEXBERRYYELLOW,Natural Shade Bright yellow 23005004
RMFENUGREEK,Fenugreek Seed Fibers
RMFERROUSFUM,Ferrous Fumarate code FEFQMP
RMFERROUSFUM,Ferrous Fumarate code FEFQMP
RMFERROUSFUMMIC,Microencapsulate Ferrous Fumarate
RMFERROUSFUMMIC,Microencapsulate Ferrous Fumarate
RMFIBRE,Inavea Essential
RMFLAXGR,Ground Flax Seed
RMFLAXLIG40,Flax Lignan 40%
RMFLAXLIG40,Flax Lignan 40%
RMFOLIC,Folic Acid
RMFORSYTHIA,Forsythia Extract 20:1
RMFORSYTHIA,Forsythia Extract 20:1
RMGABAPROBIO,GABA Probiotic (L. plantarum Lp815) 20B/g microcrystalline cellulose
RMGARLICDEO,Deodorized Garlic
RMGENISTEIN,Genistein Synthetic
RMGENISTEIN,Genistein Synthetic
RMGENTIAN,Gentian Extract 5:1 Granulated
RMGENTIAN,Gentian Extract 5:1 Granulated
RMGINGER,Ginger Root Extract 5%
RMGINKGO24/6,Ginkgo Extract 24% / 6%
RMGLUCOSVEG,Glucosamine Sulfate 2KCL Veg
RMGLUT98,High BD- L-Glutamine Powder
RMGLUT98,High BD- L-Glutamine Powder
RMGLUTAMINE,L-Glutamine Powder
RMGLUTAMINE,L-Glutamine Powder
RMGLUTAMINE,L-Glutamine Powder
RMGLUTAMINE,L-Glutamine Powder
RMGLUTAMINE,L-Glutamine Powder
RMGLUTAMINE,L-Glutamine Powder
RMGLUTAMINE,L-Glutamine Powder
RMGLUTKYOWA,Reduced Gluthione Setria TM
RMGLUTKYOWA,Reduced Gluthione Setria TM
RMGLYCINE,Glycine USP
RMGLYCINE,Glycine USP
RMGPC,Glyceryl Phospho Choline 50%
RMGPC,Glyceryl Phospho Choline 50%
RMGRAPESEED,Grape Seed Extract
RMGRAPESEED,Grape Seed Extract
RMGREENTEA,Green Tea Extract 80% Catechin
RMGUGGULSTERON,Guggulsterones E & Z 99%
RMGYMNEMA,Gymnema Sylvestre Extract 25%
RMGYMNEMA75,Gymnema Sylvestre Extract 75%
RMHMO,Human Milk Oligosaccharide
RMHOPS,Hops 4:1
RMHOPS,Hops 4:1
RMHOPS70%,Hops Extract (70% xanthohumulone)
RMHOPS70%,Hops Extract (70% xanthohumulone)
RMHOPS70%,Hops Extract (70% xanthohumulone)
RMHOPS70%,Hops Extract (70% xanthohumulone)
RMHOPS8PN,Hops Extract (std. to 0.1% 8-prenylnaringenin)
RMHOPS8PN,Hops Extract (std. to 0.1% 8-prenylnaringenin)
RMHORSETAILEXT,Horsetail Extract 7%
RMHORSETAILEXT,Horsetail Extract 7%
RMHYPERICUM,Hypericum Extract 0.3% Code 65
RMHYPERICUM,Hypericum Extract 0.3% Code 65
RMHYPERICUM,Hypericum Extract 0.3% Code 65
RMINOSITOLPWD,Inositol NF12 Powder
RMINOSITOLPWD,Inositol NF12 Powder
RMINOSITOLPWD,Inositol NF12 Powder
RMINOSITOLPWD,Inositol NF12 Powder
RMINOSITOLPWD,Inositol NF12 Powder
RMINOSITOLPWD,Inositol NF12 Powder
RMINOSITOLPWD,Inositol NF12 Powder
RMINOSITOLPWD,Inositol NF12 Powder
RMINOSITOLPWD,Inositol NF12 Powder
RMINOSITOLPWD,Inositol NF12 Powder
RMINOSITOLPWD,Inositol NF12 Powder
RMINOSITOLPWD,Inositol NF12 Powder
RMINOSITOLPWD,Inositol NF12 Powder
RMINOSITOLPWD,Inositol NF12 Powder
RMIPRIFLAVONE,Ipriflavone
RMIRONASP,Iron Aspartate
RMIRONBISGLY,Iron Bisglycinate Chelate 20%
RMISATIS,Isatis tinctoria Root Extract/
RMISATIS,Isatis tinctoria Root Extract/
RMISOQUERCETIN,EMIQ ISOQUERCITRIN
RMKELPPAC,Pacific Kelp
RMKERAGEN,Keragen IV
RMKERAGEN,Keragen IV
RMLACTOSPOR,Lactobacillus sporogenes 15 bi
RMLARCH,Larch Fiber Aid
RMLARCH,Larch Fiber Aid
RMLARCH,Larch Fiber Aid
RMLARCH,Larch Fiber Aid
RMLAVENDEROIL,Lavender Oil (203 code /Bulgar
RMLAVENDEROIL,Lavender Oil (203 code /Bulgar
RMLAVENDERPO,Lavender Powder
RMLC40,Lactobacillus fermentum LC40 100B cfu/g Item # 20708017
RMLEMONBALM,Lemon Balm Leaf 5%
RMLEMONBALM,Lemon Balm Leaf 5%
RMLEMONBALM,Lemon Balm Leaf 5%
RMLEMONCITRUS,Lemon Citrus Flavor
RMLEUCINE,L-Leucine Plant based fermente
RMLEUCINE,L-Leucine Plant based fermente
RMLEUCINE,L-Leucine Plant based fermente
RMLICORICE,Licorice Extract NLT 10-12%
RMLICORICE,Licorice Extract NLT 10-12%
RMLICORICE,Licorice Extract NLT 10-12%
RMLICORICE,Licorice Extract NLT 10-12%
RMLIPOIC,Lipoic Acid (Alpha)
RMLITHOROT,Lithium Orotate 4%
RMLONICERA,Lonicera Extract 7:1
RMLONICERA,Lonicera Extract 7:1
RMLONICERA,Lonicera Extract 7:1
RMLUBRITAB,Lubritab RBW
RMLUBRITAB,Lubritab RBW
RMLUTEIN,Tagetes erecta extract 5% lutein
RMLYCOPENE10%,Lycopene 10% Synthetic
RMLYSINE,Lysine Mono Hydrochloride
RMLYSINE,Lysine Mono Hydrochloride
RMMACAPWD,Maca root powder
RMMACAPWD,Maca root powder
RMMACAPWD,Maca root powder
RMMACAPWD,Maca root powder
RMMAGASCOR,Magnesium Ascorbate 6.2%
RMMAGCIT,Magnesium Citrate 16%
RMMAGCIT,Magnesium Citrate 16%
RMMAGCIT,Magnesium Citrate 16%
RMMAGGLYCINAT,Magnesium Glycinate NLT 14.5%
RMMAGGLYCINAT,Magnesium Glycinate NLT 14.5%
RMMAGGLYCINAT,Magnesium Glycinate NLT 14.5%
RMMAGOXIDE,Magnesium Oxide 58%
RMMAGOXIDE,Magnesium Oxide 58%
RMMAGOXIDE,Magnesium Oxide 58%
RMMAGSILICATE,Magnesium Silicate
RMMAGSILICATE,Magnesium Silicate
RMMAGSILICATE,Magnesium Silicate
RMMANGANCIT,Manganese Citrate 30%
RMMANGANCIT,Manganese Citrate 30%
RMMARSHMALLOW,Marshmallow Root Powder
RMMASKINGFLAV,Masking Flavor
RMMCTPOWDER,MCT Powder 70%
RMMELATONIN,Melatonin
RMMERIVA,Curcumin Extract Phytosome
RMMERIVA,Curcumin Extract Phytosome
RMMETHIONINE,L-Methionine
RMMETHYLCOB,Methyl Cobalamin
RMMETHYLTRIT,Methylcobalamin 1% trit
RMMILKTHISTLE,Milk Thistle Ethanol Ext 80%
RMMILKTHISTLE,Milk Thistle Ethanol Ext 80%
RMMILKTHISTLE,Milk Thistle Ethanol Ext 80%
RMMOLYBASP,Molybdenum Aspartate 1%
RMMOLYBCIT,Molybdenum Citrate 1%
RMMSM,10520 OptiMSM Microprill with 0.5% SiO2
RMMSM,10520 OptiMSM Microprill with 0.5% SiO2
RMMUCUNA,Mucuna pruriens seed extract 15% L-DOPA
RMMUCUNA,Mucuna pruriens seed extract 15% L-DOPA
RMMYRRH,Myrrh Powder Extract 4:1
RMN-ACETCYST,N-Acetyl Cysteine
RMN-ACETCYST,N-Acetyl Cysteine
RMN-ACETCYST,N-Acetyl Cysteine
RMN-ACETGLUCVEG,Vegan N-Acetyl Glucosamine
RMNACL,Sodium Chloride
RMNATBERRY,Natural Berry Flavor Powder WONF
RMNATLEMON,Natural Lemon Lime Flavor Powder WONF
RMNATWATERMELON,Natural Watermelon Flavor Powder WONF
RMNETTLEROOT,Nettle Root Extract 20:1
RMNETTLEROOT,Nettle Root Extract 20:1
RMNIACINAMI,Niacinamide
RMNIACINENCAP,Encapsulated Niacinamide
RMNUTRI12,Nutrifusion 12 Nutrient Blend
RMNUTRI21,Nutrifusion 21 Nutrient Blend
RMNUTRIB,Nutrifusion B Blend
RMOCIMUM,Ocimum sanctum (Holy Basil)
RMOXBILE,Ox Bile Extract
RMPABA,Para-AminoBenzoic Acid
RMPANAXGINSEN,Panax Ginseng Root Extract 4:1
RMPANAXGINSEN,Panax Ginseng Root Extract 4:1
RMPANAXGINSEN,Panax Ginseng Root Extract 4:1
RMPANAXGINSEN,Panax Ginseng Root Extract 4:1
RMPANCENZY,Pancreatic Enzymes Full Streng
RMPANCENZY,Pancreatic Enzymes Full Streng
RMPANCENZY,Pancreatic Enzymes Full Streng
RMPAPAIN,Papain AM Lab # 703
RMPASSIONFLWR,Passionflower Extract 3.5%
RMPASSIONFLWR,Passionflower Extract 3.5%
RMPEAPROORG,Pea Protein Organic
RMPEARLITOL,Mannitol Corn Starch
RMPEARLITOL,Mannitol Corn Starch
RMPEPSIN,Pepsin 1:15000 #294
RMPICROLIV,Picrorhiza kurroa Extract 5:1
RMPIPER,Piper Nigrum 95% (Bioperine)
RMPOLYAMINE,Rice Polyamine Extract
RMPOLYAMINE,Rice Polyamine Extract
RMPOLYGONU,Polygonum Multiflorum NLT 2% Quinones
RMPOPPY,California Poppy Extract
RMPOTASCOR,Potassium Ascorbate 15%
RMPOTASCOR,Potassium Ascorbate 15%
RMPOTCHLORIDE,Potassium Chloride USP 53%
RMPOTCHLORIDE,Potassium Chloride USP 53%
RMPOTCIT,Potassium Citrate 36% By Jungb
RMPOTIODIDE,Potassium Iodide 3% IO43x30101
RMPQQ,PQQ Disodium Salt 80%
RMPQQ,PQQ Disodium Salt 80%
RMPREGNENOLONE,Pregnenolone
RMPRUNE,Dried Prune Fruit Powder
RMPRUNE,Dried Prune Fruit Powder
RMPRUNE,Dried Prune Fruit Powder
RMPSERINE60,Phosphatidylserine 60%
RMPSERINE60,Phosphatidylserine 60%
RMPYGEUM,Pygeum africanum bark Extract
RMPYGEUM,Pygeum africanum bark Extract
RMPYRID5PHO,Pyridoxal 5 Phosphate
RMPYRID5PHO,Pyridoxal 5 Phosphate
RMPYRIDOXINE,Pyridoxine HCL (powder)
RMPYRIDOXINE,Pyridoxine HCL (powder)
RMQUERCETIN,Quercetin Dihydrate (compacted
RMQUERCETIN,Quercetin Dihydrate (compacted
RMQUERCETIN,Quercetin Dihydrate (compacted
RMREDCLOVER,Red Clover
RMREHMANNIA,Rehmannia Prepared Extract 6:1
RMRESVERA,Resveratrol Extract 50% (must
RMRHAPONTICIN,Rheum rhaponticum root extract >54% rhaponticin
RMRHAPONTICIN,Rheum rhaponticum root extract >54% rhaponticin
RMRHODIOLA,Rhodiola Rosea 3%
RMRIBO5PHOS,Riboflavin 5 Phosphate
RMRIBOFLAVIN,Riboflavin B2
RMRIBOFLAVIN,Riboflavin B2
RMRICE,RicePlus 450 -stabilized
RMRLIPOICST,R-Lipoic Acid Sodium Stabilize
RMRLIPOICST,R-Lipoic Acid Sodium Stabilize
RMROSEMARY,Rosemary Extract Rosemary Lea
RMSAFFSERENE,SaffSerene Saffron Extract
RMSAGE,Sage Leaf Extract
RMSAGE,Sage Leaf Extract
RMSAWPALMETTO,Saw Palmetto Extract 45% F0131
RMSAWPALMETTO,Saw Palmetto Extract 45% F0131
RMSCHISANDRA,Schisandra Chinensis
RMSCUTELLAR,Scutellaria Baicalensis Ext. 3
RMSCUTELLAR,Scutellaria Baicalensis Ext. 3
RMSELENIUM,Selenomethionine 40%
RMSELTRIT,Sodium Yeast 0.2%
RMSENSORIL,Withania somnifera Extract
RMSENSORIL,Withania somnifera Extract
RMSERRATIOPEP,Peptizyme SP Conc.
RMSIBERIANGIN,Siberian Ginseng 28:1 Extract
RMSIBERIANGIN,Siberian Ginseng 28:1 Extract
RMSILER,Siler Extract
RMSILICA,Silica Sipernat 22S
RMSILICA,Silica Sipernat 22S
RMSILICAFUMED,FSC Fumed Silica 200
RMSILICAFUMED,FSC Fumed Silica 200
RMSILICAFUMED,FSC Fumed Silica 200
RMSILITIDIL,Milk Thistle Extract (Silitidil)
RMSLIPPERY,Slippery Elm Powder
RMSLIPPERY,Slippery Elm Powder
RMSLIPPERY,Slippery Elm Powder
RMSLIPPERY,Slippery Elm Powder
RMSLIPPERY,Slippery Elm Powder
RMSLIPPERY,Slippery Elm Powder
RMSOLNUL,Solnul Resistant Potato StarchMSP Starch
RMSOLNUL,Solnul Resistant Potato StarchMSP Starch
RMSTEARIC,Stearic Acid
RMSTEVIA,Stevia 97%
RMSTEVIAREBM,Stevia Extract Reb M 90%
RMSTRONTIUM35,Strontium Citrate 35%
RMSUNFIBER,Sunfiber Powder
RMSUNFIBER,Sunfiber Powder
RMTAPIOCA,Tapioca
RMTAPIOCA,Tapioca
RMTAPIOCA,Tapioca
RMTAURINE,Taurine
RMTAURINE,Taurine
RMTHEANINE,L-Theanine
RMTHIAMINE,Thiamine HCL B-1
RMTHIAMINE,Thiamine HCL B-1
RMTYROSINE,L-Tyrosine
RMTYROSINE,L-Tyrosine
RMVALERIANPOW,Valerian Root Powder
RMVALERIANPOW,Valerian Root Powder
RMVALERIANPOW,Valerian Root Powder
RMVANADIUM,Vanadium Citrate 2%
RMVANILLACUST,Vanilla Custard
RMVERBPOSTBIO,Verb Keystone Postbiotic
RMVERBPOSTBIO,Verb Keystone Postbiotic
RMVERBPOSTBIO,Verb Keystone Postbiotic
RMVITAACETA,Vitamin A Acetate - Dry 500
RMVITAPALM,"Vitamin A Palmitate 250,000iu/g"
RMVITCCRYST,Vitamin C 100% Crystals
RMVITCCRYST,Vitamin C 100% Crystals
RMVITEX,Vitex Extract 0.5%rm
RMVITEX,Vitex Extract 0.5%rm
RMVITK1,Vitamin K1 5%
RMVITK2-7,Vitamin K2 Menaquinone-7 C
RMVITK2-7,Vitamin K2 Menaquinone-7 C
RMWILDYAM,Wild Yam Root Extract 4:1
RMWILDYAM,Wild Yam Root Extract 4:1
RMWILDYAM,Wild Yam Root Extract 4:1
RMWILDYAM,Wild Yam Root Extract 4:1
RMYELLOWDOC,Yellow Dock Root Powder OG (Fo
RMYELLOWDOC,Yellow Dock Root Powder OG (Fo
RMZEAXANTHIN,Tagetes erecta extract 5% zeaxanthin
RMZEAXANTHIN,Tagetes erecta extract 5% zeaxanthin
RMZINC,Zinc Citrate 32% Innophos FZN0
RMZINC,Zinc Citrate 32% Innophos FZN0
RMZINC,Zinc Citrate 32% Innophos FZN0
RMZINCCARN,Zinc L-Carnosine
RMZINCOX,Zinc Oxide code ZNOUS1
UGNBSS,Lucky Cedar - Blood Sugar Support (Gluco Support) - 60ct
UNBCHOCPBMINI,Unjury Chocolate Peanut Butter Protein Bars
UNBCHOCPBMINI,Unjury Chocolate Peanut Butter Protein Bars
UNJBEEFHERBCNT,Unjury Beef & Herb Savory High Whey Protein Powder
UNJBEEFHERBCNT,Unjury Beef & Herb Savory High Whey Protein Powder
UNJBEEFHERBCNT,Unjury Beef & Herb Savory High Whey Protein Powder
UNJBEEFHERBSTK,Unjury Beef And Herb Savory Whey Protein Packet
UNJCHKNSOUPCNT,Unjury Chicken Soup High Whey Protein Powder
UNJCHKNSOUPCNT,Unjury Chicken Soup High Whey Protein Powder
UNJCHKNSOUPCNT,Unjury Chicken Soup High Whey Protein Powder
UNJCHKNSOUPCNT,Unjury Chicken Soup High Whey Protein Powder
UNJCHKNSOUPSTK,Unjury Chicken Soup Whey Protein Packet
UNJCHOCSPLDRCNT,Unjury Chocolate High Whey Protein Powder
UNJCHOCSPLDRCNT,Unjury Chocolate High Whey Protein Powder
UNJCHOCSPLDRCNT-AMZ,Unjury Chocolate High Whey Protein Powder
UNJCHOCSPLDRCNT-AMZ,Unjury Chocolate High Whey Protein Powder
UNJCHOCSPLDRCNT-AMZ,Unjury Chocolate High Whey Protein Powder
UNJCHOCSPLDRCNT-AMZ,Unjury Chocolate High Whey Protein Powder
UNJCHOCSPLDRCNT-AMZ,Unjury Chocolate High Whey Protein Powder
UNJCHOCSPLDRCNT-AMZ,Unjury Chocolate High Whey Protein Powder
UNJCHOCSPLDRSTK,Unjury Chocolate Splendor Whey Protein Packet
UNJFRONIONCNT,Unjury French Onion Soup High Whey Protein Powder
UNJFRONIONCNT,Unjury French Onion Soup High Whey Protein Powder
UNJFRONIONCNT,Unjury French Onion Soup High Whey Protein Powder
UNJFRONIONCNT,Unjury French Onion Soup High Whey Protein Powder
UNJFRONIONSTK,Unjury French Onion Soup Whey Protein Packet
UNJKITCHENTHERM,Unjury Kitchen Thermometer
UNJLEMONLIMECNT,Unjury Lemon Lime High Whey Protein Powder
UNJLEMONLIMECNT,Unjury Lemon Lime High Whey Protein Powder
UNJLEMONLIMECNT-CA,Lemon Lime Whey Protein Powder Drink Mix PROP 65
UNJLEMONLIMECNT-CA,Lemon Lime Whey Protein Powder Drink Mix PROP 65
UNJLEMONLIMECNT-CA,Lemon Lime Whey Protein Powder Drink Mix PROP 65
UNJLEMONLIMECNT-CA,Lemon Lime Whey Protein Powder Drink Mix PROP 65
UNJLEMONLIMESTK,Unjury Moonbeam Mist Whey Protein Packet
UNJLEMONLIMESTK,Unjury Moonbeam Mist Whey Protein Packet
UNJMUGO,Unjury Orange Mug
UNJRECBOOK,Unjury Recipe Book
UNJSHKBTL-24Z,Unjury Shaker Bottle 24oz
UNJSTRWSRBTCNT,Unjury Strawberry High Whey Protein Powder
UNJSTRWSRBTCNT,Unjury Strawberry High Whey Protein Powder
UNJSTRWSRBTCNT-CA,UNJURY Strawberry Sorbet Whey Protein Powder Drink Mix
UNJSTRWSRBTCNT-CA,UNJURY Strawberry Sorbet Whey Protein Powder Drink Mix
UNJSTRWSRBTCNT-CA,UNJURY Strawberry Sorbet Whey Protein Powder Drink Mix
UNJUNFLVCNT,Unjury Unflavored High Whey Protein Powder
UNJUNFLVCNT,Unjury Unflavored High Whey Protein Powder
UNJUNFLVCNT,Unjury Unflavored High Whey Protein Powder
UNJUNFLVCNT,Unjury Unflavored High Whey Protein Powder
UNJUNFLVCNT,Unjury Unflavored High Whey Protein Powder
UNJUNFLVRSTK,Unjury Unflavored Whey Protein Packet
UNJVANILLACNT,Unjury Vanilla High Whey Protein Powder
UNJVANILLACNT,Unjury Vanilla High Whey Protein Powder
UNJVANILLACNT,Unjury Vanilla High Whey Protein Powder
UNJVANILLACNT,Unjury Vanilla High Whey Protein Powder
UNJVANILLASTK,Unjury Vanilla Whey Protein Packet
UNMARTCHOCCNT,Unjury Artisan Chocolate Protein-Centric Meal Replacement
UNMARTCHOCCNT,Unjury Artisan Chocolate Protein-Centric Meal Replacement
UNMARTCHOCCNT,Unjury Artisan Chocolate Protein-Centric Meal Replacement
UNMARTCHOCCNT,Unjury Artisan Chocolate Protein-Centric Meal Replacement
UNMCHICKSOUPCNT,Unjury Marthas Chicken Soup Savory Protein-Centric Meal Replacement
UNMCHICKSOUPCNT,Unjury Marthas Chicken Soup Savory Protein-Centric Meal Replacement
UNMCHICKSOUPCNT,Unjury Marthas Chicken Soup Savory Protein-Centric Meal Replacement
UNMVANILLACNT,Unjury French Vanilla Protein-Centric Meal Replacement
UNMVANILLACNT,Unjury French Vanilla Protein-Centric Meal Replacement
UNMVANILLACNT,Unjury French Vanilla Protein-Centric Meal Replacement
UNPCHOCCNT,Unjury Chocolate Vegan Protein Powder
UNPCHOCCNT,Unjury Chocolate Vegan Protein Powder
UNPCHOCCNT,Unjury Chocolate Vegan Protein Powder
UNPUNFLVCNT,Unjury Unflavored Vegan Protein Powder
UNPUNFLVCNT,Unjury Unflavored Vegan Protein Powder
UNPUNFLVCNT,Unjury Unflavored Vegan Protein Powder
UNPUNFLVCNT,Unjury Unflavored Vegan Protein Powder
UNRRICHCHOC,Unjury Chocolate - Ready To Drink (8.5 Oz Bottle)
UNRRICHCHOC,Unjury Chocolate - Ready To Drink (8.5 Oz Bottle)
UNRRICHCHOC,Unjury Chocolate - Ready To Drink (8.5 Oz Bottle)
UNRRICHCHOC,Unjury Chocolate - Ready To Drink (8.5 Oz Bottle)
UNRRICHCHOC,Unjury Chocolate - Ready To Drink (8.5 Oz Bottle)
UNRRICHCHOC12C-AMZ,UNRRICHCHOC12C-AMZ
UNRRICHCHOC12C-AMZ,UNRRICHCHOC12C-AMZ
UNRVANILLA,Unjury Vanilla - Ready To Drink (8.5 Oz Bottle)
UNRVANILLA,Unjury Vanilla - Ready To Drink (8.5 Oz Bottle)
UNRVANILLA,Unjury Vanilla - Ready To Drink (8.5 Oz Bottle)
UNRVANILLA12C-AMZ,UNRVANILLA12C-AMZ
UNSCHOCCNT,Protect & Restore Advanced Protein+ Chocolate Mocha
UNSCHOCPKT,"Protect and Restore Sample Packet, Chocolate"
UNSTROPICALCNT,Protect & Restore Advanced Protein+ Tropical Twist
UNSTROPICALPKT,"Protect and Restore Sample Packet, Tropical"
UNTOTE,Unjury Tote Bag
VN5HTP,"5HTP 50mg, 60ct"
VN5HTP,"5HTP 50mg, 60ct"
VN5HTP2,"5HTP 100mg, 60ct"
VN5HTP2,"5HTP 100mg, 60ct"
VNADR,"Adrenal Support, 60ct"
VNADR2,"Adrenal Support, 120ct"
VNADR240,"Adrenal Support, 240ct"
VNADR240,"Adrenal Support, 240ct"
VNAG,"American Ginseng Extract, 100ct"
VNAG,"American Ginseng Extract, 100ct"
VNAGCA,American Ginseng #100
VNAL3,"Alpha Lipoic Acid, 60ct"
VNAL3,"Alpha Lipoic Acid, 60ct"
VNALC,"Acetyl L-Carnitine 500mg, 60ct"
VNALC,"Acetyl L-Carnitine 500mg, 60ct"
VNALCP,Acetyl L-Carnitine Powder
VNALL,"Aller-C, 100ct"
VNALL2,"Aller-C, 200ct"
VNALL2,"Aller-C, 200ct"
VNALL2CA,Aller-C #200 CA Prop 65
VNALL2CA,Aller-C #200 CA Prop 65
VNALLCA,Aller-C #100 CA Prop 65
VNALLCA,Aller-C #100 CA Prop 65
VNARA,Arabinogalactan Powder
VNARA,Arabinogalactan Powder
VNARA,Arabinogalactan Powder
VNAS,"Astragalus Root Extract, 90ct"
VNAS,"Astragalus Root Extract, 90ct"
VNBC,"Natural Beta Carotene, 90ct"
VNBC,"Natural Beta Carotene, 90ct"
VNBCQ120,"BCQ, 120ct"
VNBCQ120,"BCQ, 120ct"
VNBCQ120,"BCQ, 120ct"
VNBCQ120CA,VNBCQ120CA
VNBCQ240,"BCQ, 240ct"
VNBCQ240,"BCQ, 240ct"
VNBCQ240CA,VNBCQ240CA
VNBCQ60,"BCQ, 60ct"
VNBCQ60CA,VNBCQ60CA
VNBCQ60CA,VNBCQ60CA
VNBER,"Berberine 200mg, 60ct"
VNBER5,"Berberine 500mg, 60ct"
VNBET,"Betaine HCL & Pepsin, 225ct"
VNBIO120,"Biotin 5mg, 120ct"
VNBIO120,"Biotin 5mg, 120ct"
VNBKCO,"Black Cohosh, 60ct"
VNBO,"Borage Oil 1000mg, 60ct"
VNBO,"Borage Oil 1000mg, 60ct"
VNBO,"Borage Oil 1000mg, 60ct"
VNBOS,"Boswellia Extract 400mg, 90ct"
VNBOS,"Boswellia Extract 400mg, 90ct"
VNBR,"Bromelain, 60ct"
VNBRA,Vital Brain Powder
VNBRAL,Vital Brain Powder Lemon Flavor
VNBR-CATALOG,VNBR-CATALOG
VNBR-CATALOG,VNBR-CATALOG
VNBSS,"Blood Sugar Support, 60ct"
VNBSS,"Blood Sugar Support, 60ct"
VNBSS2,"Blood Sugar Support, 120ct"
VNBSS2CA,VNBSS2CA
VNBSSCA,VNBSSCA
VNBX,"B-Complex, 60ct"
VNBX120,"B-Complex, 120ct"
VNBX240,"B-Complex, 240ct"
VNBXB6,"B6 + B Complex, 60ct"
VNCA,"Tension Ease, 60ct"
VNCA,"Tension Ease, 60ct"
VNCA,"Tension Ease, 60ct"
VNCAR,"Carnitine 500mg, 60ct"
VNCAR,"Carnitine 500mg, 60ct"
VNCB30,"Cortisol Balance, 30ct"
VNCB90,"Cortisol Balance, 90ct"
VNCB90,"Cortisol Balance, 90ct"
VNCBUF,"Buffered C 500mg, 220ct"
VNCCM,"Calcium (citrate/malate), 100ct"
VNCCM,"Calcium (citrate/malate), 100ct"
VNCEL,Cellulose Fiber 375gm
VNCEL,Cellulose Fiber 375gm
VNCH,"Chromium (polynicotinate), 90ct"
VNCH,"Chromium (polynicotinate), 90ct"
VNCHO,"Choline, 120ct"
VNCHO,"Choline, 120ct"
VNCIT,"Citicoline, 60ct"
VNCIT,"Citicoline, 60ct"
VNCLR,Vital Clear
VNCLR,Vital Clear
VNCLRCA,VNCLRCA
VNCM2,"Calcium & Magnesium, 100ct"
VNCM2,"Calcium & Magnesium, 100ct"
VNCO,Marine Collagen Powder
VNCO,Marine Collagen Powder
VNCO,Marine Collagen Powder
VNCQ100,"Coenzyme Q10 100mg, 60ct"
VNCQ100,"Coenzyme Q10 100mg, 60ct"
VNCQ100,"Coenzyme Q10 100mg, 60ct"
VNCQ100,"Coenzyme Q10 100mg, 60ct"
VNCQ200,"Coenzyme Q10 200mg, 60ct"
VNCQ200,"Coenzyme Q10 200mg, 60ct"
VNCQ300,"Coenzyme Q10 300mg, 30ct"
VNCQ300,"Coenzyme Q10 300mg, 30ct"
VNCQU,"Ubiquinol CoQ10 100mg, 60ct"
VNCUR700,"Curcumin Extract 700mg, 60ct"
VNCURPH,Curcumin Phytosome 578
VNCURPH,Curcumin Phytosome 578
VNDGL,DGL Powder 4oz.
VNDGL,DGL Powder 4oz.
VNDGL,DGL Powder 4oz.
VNDHEA10,"DHEA 10mg, 60ct"
VNDHEA10,"DHEA 10mg, 60ct"
VNDHEA25,"DHEA 25mg, 60ct"
VNDHEA50,"DHEA 50mg, 60ct"
VNDHEA7,"7-Keto DHEA 100mg, 60ct"
VNDP,d-Pinitol 600mg #60 (PCOS)
VNDP,d-Pinitol 600mg #60 (PCOS)
VNDTX,"Detox Formula, 60ct"
VNDTX,"Detox Formula, 60ct"
VNDTX2,"Detox Formula, 120ct"
VNDTX2,"Detox Formula, 120ct"
VNEB,"Hormone Balance, 120ct"
VNEB,"Hormone Balance, 120ct"
VNEC,"Echinacea Extract, 60ct"
VNEC,"Echinacea Extract, 60ct"
VNEC,"Echinacea Extract, 60ct"
VNEC,"Echinacea Extract, 60ct"
VNEP2CA,VNEP2CA
VNEPO,"Evening Primrose Oil 500mg, 100ct"
VNEPO,"Evening Primrose Oil 500mg, 100ct"
VNEPO,"Evening Primrose Oil 500mg, 100ct"
VNEPO,"Evening Primrose Oil 500mg, 100ct"
VNEPO2,"Evening Primrose Oil 500mg, 250ct"
VNEPO2,"Evening Primrose Oil 500mg, 250ct"
VNEPO2,"Evening Primrose Oil 500mg, 250ct"
VNEPO2,"Evening Primrose Oil 500mg, 250ct"
VNFBL,Whole Fiber Fusion
VNFBL,Whole Fiber Fusion
VNFLO,"Flax Oil, 100ct"
VNFLO,"Flax Oil, 100ct"
VNFO2,"Ultra Pure Fish Oil 350, 200ct"
VNFO430,"Ultra Pure Fish Oil 800, 90ct"
VNFODHA,"Ultra Pure Fish Oil 675 High DHA, 90ct"
VNFODHA,"Ultra Pure Fish Oil 675 High DHA, 90ct"
VNFOHP,"Ultra Pure Fish Oil 700, 120ct"
VNFOHP,"Ultra Pure Fish Oil 700, 120ct"
VNFOHP60,"Ultra Pure Fish Oil 700, 60ct"
VNFOHP60,"Ultra Pure Fish Oil 700, 60ct"
VNFOHP60,"Ultra Pure Fish Oil 700, 60ct"
VNFONLEC,"Ultra Pure Fish Oil 700 ENTERIC, 90ct"
VNFOTG,"Ultra Pure Fish Oil 800, 90ct"
VNFOTG,"Ultra Pure Fish Oil 800, 90ct"
VNGIP,GI Repair Powder
VNGIP,GI Repair Powder
VNGIR,"GI Repair Nutrients, 120ct"
VNGL8,"Glutamine, 100ct"
VNGL8,"Glutamine, 100ct"
VNGLP,Glutamine Powder 8oz. (225g)
VNGLP,Glutamine Powder 8oz. (225g)
VNGLP16,Glutamine Powder 16oz. (450g)
VNGLPCOMPLETE60,GLP-1 Complete #60
VNGLY,Glycine Powder 250 grams
VNGLY,Glycine Powder 250 grams
VNGLY,Glycine Powder 250 grams
VNGLY,Glycine Powder 250 grams
VNGLY,Glycine Powder 250 grams
VNGR,"Grape Seed Extract 100mg, 90ct"
VNGS750,Glucosamine Sulfate 750mg #120
VNGS750,Glucosamine Sulfate 750mg #120
VNGSCH120,"Glucosamine & Chondroitin, 120ct"
VNGT2,"Green Tea Extract, 120ct"
VNGT2,"Green Tea Extract, 120ct"
VNGUG,"Guggul E & Z Extract, 60ct"
VNGUG,"Guggul E & Z Extract, 60ct"
VNHB,"Herbal Biotic, 60ct"
VNHB,"Herbal Biotic, 60ct"
VNHB120,"Herbal Biotic, 120ct"
VNHB120,"Herbal Biotic, 120ct"
VNHB120,"Herbal Biotic, 120ct"
VNHB120CA,VNHB120CA
VNHBCA,VNHBCA
VNHTX,Digest Ease (Formerly Heartburn Tx)
VNHTX,Digest Ease (Formerly Heartburn Tx)
VNHY,"St. Johns Wort, 90ct"
VNHY,"St. Johns Wort, 90ct"
VNHY,"St. Johns Wort, 90ct"
VNIC,"Iron Plus C, 100ct"
VNIC,"Iron Plus C, 100ct"
VNINP,Inositol Powder
VNINP,Inositol Powder
VNIP,"Ipriflavone, 90ct"
VNIP,"Ipriflavone, 90ct"
VNIS,"Immune Support, 60ct"
VNIS,"Immune Support, 60ct"
VNIS,"Immune Support, 60ct"
VNISCA,Immune Support Formula #60
VNLFO8,Ultra Pure Fish Oil 2600
VNLFOCL,Ultra Pure Cod Liver Oil
VNLFOCL,Ultra Pure Cod Liver Oil
VNLFORS,Ultra Pure Fish Oil 1400
VNLFORS,Ultra Pure Fish Oil 1400
VNLI,"Licorice Extract 400mg, 90ct"
VNLI,"Licorice Extract 400mg, 90ct"
VNLIV,"Liver Support, 60ct"
VNLIV,"Liver Support, 60ct"
VNLIV120,"Liver Support, 120ct"
VNLIV2,Liver Support II #60
VNLIV2,Liver Support II #60
VNLTH20,"Lithium 20mg, 90ct"
VNLTH20,"Lithium 20mg, 90ct"
VNLTH5,"Lithium 5mg, 90ct"
VNLTH5,"Lithium 5mg, 90ct"
VNLY,"Lysine 500mg, 100ct"
VNLY,"Lysine 500mg, 100ct"
VNM5,"Multi-Nutrients 5 (without Boron, Copper & Iron), 120ct"
VNMAN,Mannose Powder
VNMAN,Mannose Powder
VNMAN2,Mannose Powder
VNMAN2,Mannose Powder
VNMC,"Magnesium Citrate 150mg, 100ct"
VNMC,"Magnesium Citrate 150mg, 100ct"
VNMC200,"Magnesium Citrate 150mg, 200ct"
VNME,"Minimal & Essential, 90ct"
VNME10,"Melatonin 10mg, 60ct"
VNME10,"Melatonin 10mg, 60ct"
VNME20,"Melatonin 20mg, 60ct"
VNME20,"Melatonin 20mg, 60ct"
VNME3,"Melatonin 3mg, 60ct"
VNME3,"Melatonin 3mg, 60ct"
VNMEE,"Minimal & Essential, 180ct"
VNMG,"Magnesium Glycinate + Malate 120mg, 100ct"
VNMG,"Magnesium Glycinate + Malate 120mg, 100ct"
VNMG200,"Magnesium Glycinate + Malate 120mg, 200ct"
VNMG200,"Magnesium Glycinate + Malate 120mg, 200ct"
VNMI,"Multi-Nutrients (with Iron & Iodine), 180ct"
VNMI,"Multi-Nutrients (with Iron & Iodine), 180ct"
VNMII,"Multi-Nutrients 2 (with Copper & without Iron), 180ct"
VNMIII,"Multi-Nutrients 3 (without Copper & Iron), 180ct"
VNMIV,"Multi-Nutrients 4 (with Copper & Iron), 180ct"
VNMIV,"Multi-Nutrients 4 (with Copper & Iron), 180ct"
VNMM,"Multi-Minerals (without Coppper & Iron), 120ct"
VNMM,"Multi-Minerals (without Coppper & Iron), 120ct"
VNMSM,"MSM 1000mg, 240ct"
VNMSM,"MSM 1000mg, 240ct"
VNMT,"Milk Thistle Extract, 60ct"
VNMV,"Multi-Nutrients (without Iron & Iodine), 180ct"
VNNAC,"NAC (N-Acetyl-Cysteine) 600mg, 100ct"
VNNAC,"NAC (N-Acetyl-Cysteine) 600mg, 100ct"
VNNAC200,"NAC (N-Acetyl Cysteine) 600mg, 200ct"
VNNIA,"Niacin 500mg, 90ct"
VNNIA,"Niacin 500mg, 90ct"
VNON180,"Osteo-Nutrients, 180ct"
VNON180,"Osteo-Nutrients, 180ct"
VNONE30,"Once Daily Multivitamin, 30ct"
VNONE30,"Once Daily Multivitamin, 30ct"
VNONE60,"Once Daily Multivitamin, 60ct"
VNONII,"Osteo-Nutrients II, 240ct"
VNP5P,"Pyridoxal 5-Phosphate, 90ct"
VNP5P,"Pyridoxal 5-Phosphate, 90ct"
VNP5P,"Pyridoxal 5-Phosphate, 90ct"
VNPC-FOTG,VNPC-FOTG
VNPE,"Pancreatic Enzymes 500mg, 90ct"
VNPE,"Pancreatic Enzymes 500mg, 90ct"
VNPE180,"Pancreatic Enzymes 500mg, 180ct"
VNPEA,ProVeg Pea Protein Vanilla
VNPEA,ProVeg Pea Protein Vanilla
VNPEACA,CA ONLY- ProVeg Pea Protein Va
VNPEACA,CA ONLY- ProVeg Pea Protein Va
VNPEV,"Pancreatic Enzymes (Vegan), 90ct"
VNPEV,"Pancreatic Enzymes (Vegan), 90ct"
VNPEV,"Pancreatic Enzymes (Vegan), 90ct"
VNPMS,"PMS Support, 60ct"
VNPMS,"PMS Support, 60ct"
VNPMSCA,CA ONLY- PMS Support #60
VNPNM,"Prenatal Multi-Nutrients, 180ct"
VNPOB,"Pancreatin & Ox Bile Extract, 60ct"
VNPOB,"Pancreatin & Ox Bile Extract, 60ct"
VNPOB120,"Pancreatin & Ox Bile Extract, 120ct"
VNPRG,"Pregnenolone 10mg, 60ct"
VNPS,"Phosphatidylserine 150mg, 60ct"
VNPS,"Phosphatidylserine 150mg, 60ct"
VNQU,"Quercetin, 100ct"
VNQU,"Quercetin, 100ct"
VNQU200,"Quercetin, 200ct"
VNRES,"Resveratrol, 60ct"
VNRES,"Resveratrol, 60ct"
VNRES,"Resveratrol, 60ct"
VNRES120,"Resveratrol, 120ct"
VNRES120CA,Resveratrol 500mg #120 CA
VNRES120CA,Resveratrol 500mg #120 CA
VNRESCA,CA ONLY-Resveratrol 500mg V#60
VNRESCA,CA ONLY-Resveratrol 500mg V#60
VNRG2,"Glutathione, 100ct"
VNRG2,"Glutathione, 100ct"
VNRHO,"Rhodiola Rosea, 60ct"
VNRHO,"Rhodiola Rosea, 60ct"
VNRHO,"Rhodiola Rosea, 60ct"
VNRHO2,"Rhodiola Rosea, 120ct"
VNRHO2,"Rhodiola Rosea, 120ct"
VNRHO2,"Rhodiola Rosea, 120ct"
VNRHO2,"Rhodiola Rosea, 120ct"
VNRL,"R-Lipoic Acid, 60ct"
VNRL,"R-Lipoic Acid, 60ct"
VNRS30,"Sleep + Recover, 30ct"
VNRS30,"Sleep + Recover, 30ct"
VNRS90,"Sleep + Recover, 90ct"
VNRS90,"Sleep + Recover, 90ct"
VNRS90,"Sleep + Recover, 90ct"
VNRS90,"Sleep + Recover, 90ct"
VNSA,"Sleep Aid, 60ct"
VNSC,"Schisandra Extract, 90ct"
VNSC,"Schisandra Extract, 90ct"
VNSE,"Selenium, 90ct"
VNSE,"Selenium, 90ct"
VNSE,"Selenium, 90ct"
VNSHAKE,
VNSLPCA,CA ONLY-Slippery Elm Powder175
VNSO,"Genistein, 60ct"
VNSO,"Genistein, 60ct"
VNSO,"Genistein, 60ct"
VNSP,"Saw Palmetto Pygeum Nettle Root, 60ct"
VNSP,"Saw Palmetto Pygeum Nettle Root, 60ct"
VNSP120,"Saw Palmetto Pygeum Nettle Root, 120ct"
VNSTR,"Strontium (citrate), 90ct"
VNTAU1,"Taurine, 120ct"
VNTAU1,"Taurine, 120ct"
VNTB,"Tyrosine & B Vitamins, 100ct"
VNTB,"Tyrosine & B Vitamins, 100ct"
VNTB,"Tyrosine & B Vitamins, 100ct"
VNTHEA,"L-Theanine 200mg, 60ct"
VNTHEA,"L-Theanine 200mg, 60ct"
VNTHEA120,"L-Theanine 200mg, 120ct"
VNTM,"Triple Magnesium Complex, 90ct"
VNTM,"Triple Magnesium Complex, 90ct"
VNTM180,"Triple Magnesium Complex, 180ct"
VNTM180,"Triple Magnesium Complex, 180ct"
VNVA25,"Vitamin A 25,000IU, 100ct"
VNVA25,"Vitamin A 25,000IU, 100ct"
VNVB12F,"B12 / Methyl Folate, 100ct"
VNVB12F200,"B12 / Methyl Folate, 200ct"
VNVB12M,"Vitamin B12 Methylcobalamin, 100ct"
VNVB12M,"Vitamin B12 Methylcobalamin, 100ct"
VNVB6100,"Vitamin B6 100mg, 100ct"
VNVB6100,"Vitamin B6 100mg, 100ct"
VNVC120V,"Vitamin C, 120ct"
VNVC120V,"Vitamin C, 120ct"
VNVC120V,"Vitamin C, 120ct"
VNVC220V,"Vitamin C, 220ct"
VNVC220V,"Vitamin C, 220ct"
VNVCBIO,"Vitamin C (with Bioflavonoids), 100ct"
VNVCBIO2,"Vitamin C (with Bioflavonoids), 220ct"
VNVD10,"Vitamin D3 10,000IU, 60ct"
VNVD10,"Vitamin D3 10,000IU, 60ct"
VNVD2,"Vitamin D3 2000IU, 90ct"
VNVD5,"Vitamin D3 5000IU, 90ct"
VNVD5,"Vitamin D3 5000IU, 90ct"
VNVD5180,"Vitamin D3 5000IU, 180ct"
VNVD5180,"Vitamin D3 5000IU, 180ct"
VNVEMIX,"Vitamin E (with Mixed Tocopherols), 100ct"
VNVEMIX,"Vitamin E (with Mixed Tocopherols), 100ct"
VNVEMIX,"Vitamin E (with Mixed Tocopherols), 100ct"
VNVEMIX,"Vitamin E (with Mixed Tocopherols), 100ct"
VNVEMIX,"Vitamin E (with Mixed Tocopherols), 100ct"
VNVK2,"K2-7, 60ct"
VNVK2D,"Vitamin D3 + K2 (Formerly K2-7+D3), 60ct"
VNVK2D,"Vitamin D3 + K2 (Formerly K2-7+D3), 60ct"
VNVK2D,"Vitamin D3 + K2 (Formerly K2-7+D3), 60ct"
VNVK2D120,"Vitamin D3 + K2 (Formerly K2-7+D3), 120ct"
VNVK2D120,"Vitamin D3 + K2 (Formerly K2-7+D3), 120ct"
VNVO,"Vegan Omega SPM+, 90ct"
VNVO,"Vegan Omega SPM+, 90ct"
VNVRC,"ViraCon, 60ct"
VNVRC,"ViraCon, 60ct"
VNVRC,"ViraCon, 60ct"
VNVRC120,"ViraCon, 120ct"
VNVRC120,"ViraCon, 120ct"
VNVRC120CA,VNVRC120CA
VNVRC120CA,VNVRC120CA
VNVRCCA,Viracon #60
VNVRCCA,Viracon #60
VNVTX,"Vitex 750mg, 120ct"
VNZI,"Zinc (Citrate), 90ct"
VNZI,"Zinc (Citrate), 90ct"
VNZI180,"Zinc (Citrate), 180ct"